prcs,dim,serial
2,64,0.203811
8,128,0.328856
32,256,2.44924
